{"train_loss": 0.24995456678619954, "_timestamp": 1688251050.3691661, "_runtime": 9901.611949205399, "_step": 2051, "train_acc": 0.9164432115281179, "val_loss": 1.511432970917546, "val_acc": 0.5848366157297585, "test_loss": 0.4627128097002403, "accuracy": 0.6638279557228088, "_wandb": {"runtime": 9901}}