{"train_loss": 0.0015158937699930343, "_timestamp": 1688441476.8589013, "_runtime": 401.6469793319702, "_step": 1175, "train_acc": 0.9994650976196844, "val_loss": 0.014488154248090763, "val_acc": 0.9988905838302593, "test_loss": 4.0355393010629915e-05, "accuracy": 1.0, "_wandb": {"runtime": 400}}