{"train_loss": 0.004322963616326442, "_timestamp": 1688441827.1047168, "_runtime": 345.01233768463135, "_step": 883, "train_acc": 0.9988172678888232, "val_loss": 6.252373112748143e-05, "val_acc": 1.0}