{"train_loss": 0.005602854924797577, "_timestamp": 1688241679.7441375, "_runtime": 218.45683360099792, "_step": 495, "train_acc": 0.9983105560080852, "val_loss": 1.1743610280341115, "val_acc": 0.9235426640382991, "test_loss": 0.16907633706577782, "accuracy": 0.8402948379516602, "_wandb": {"runtime": 217}}