{"train_loss": 0.07965107436129568, "_timestamp": 1688441071.6054363, "_runtime": 221.1345763206482, "_step": 579, "train_acc": 0.9784646416706217, "val_loss": 0.29716666094360894, "val_acc": 0.8752768549280178, "test_loss": 0.5987837811082259, "accuracy": 0.8935298919677734, "_wandb": {"runtime": 220}}