{"train_loss": 0.0017067337932747616, "_timestamp": 1688440844.660904, "_runtime": 593.4456508159637, "_step": 1795, "train_acc": 0.9995580696482235, "val_loss": 0.0017996791022374392, "val_acc": 0.9997250481165796, "test_loss": 0.016077129168615104, "accuracy": 0.9904917478561401, "_wandb": {"runtime": 592}}