{"train_loss": 0.03662139722529963, "_timestamp": 1688240902.0174644, "_runtime": 191.33238244056702, "_step": 399, "train_acc": 0.9905764966740577, "val_loss": 26.100954961466154, "val_acc": 0.710015806868803, "_wandb": {"runtime": 192}}