{"train_loss": 0.7518904818664532, "_timestamp": 1688441815.2595165, "_runtime": 599.911372423172, "_step": 35, "train_acc": 0.6726075195198982, "val_loss": 0.8703013445583518, "val_acc": 0.5647376841176146}