{"train_loss": 0.03470232675781831, "_timestamp": 1688241256.977195, "_runtime": 190.58625602722168, "_step": 467, "train_acc": 0.9910076373491008, "val_loss": 30.061647966176643, "val_acc": 0.710015806868803, "test_loss": 1.4408559420531564, "accuracy": 0.5650843381881714, "_wandb": {"runtime": 190}}