{"train_loss": 0.36744851868833606, "_timestamp": 1688240950.2409136, "_runtime": 718.4758596420288, "_step": 79, "train_acc": 0.8483526053128799, "val_loss": 1.064037062528448, "val_acc": 0.6082639157058531, "_wandb": {"runtime": 721}}