{"train_loss": 0.034702317995307284, "_timestamp": 1688439871.2123654, "_runtime": 175.14651226997375, "_step": 467, "train_acc": 0.9910076373491008, "val_loss": 30.06162851917731, "val_acc": 0.710015806868803, "test_loss": 1.440855768658092, "accuracy": 0.5650843381881714, "_wandb": {"runtime": 174}}