{"train_loss": 0.07965104895715382, "_timestamp": 1688242698.4234853, "_runtime": 269.618976354599, "_step": 579, "train_acc": 0.9784646416706217, "val_loss": 0.2971664693546045, "val_acc": 0.8752768549280178, "test_loss": 0.59878269830401, "accuracy": 0.8935298919677734, "_wandb": {"runtime": 268}}