{"train_loss": 0.16646088435376816, "_timestamp": 1688440051.564328, "_runtime": 174.94319105148315, "_step": 447, "train_acc": 0.9277119388961295, "val_loss": 1.7302192909709537, "val_acc": 0.8219236209335219, "test_loss": 0.5097748754555221, "accuracy": 0.5861904621124268, "_wandb": {"runtime": 173}}