{"train_loss": 0.1664608644552663, "_timestamp": 1688241455.9004462, "_runtime": 195.01590824127197, "_step": 447, "train_acc": 0.9277119388961295, "val_loss": 1.7302185927739513, "val_acc": 0.8219236209335219, "test_loss": 0.5097750124264637, "accuracy": 0.5861904621124268, "_wandb": {"runtime": 193}}