{"train_loss": 0.0017067412557099657, "_timestamp": 1688242425.4658413, "_runtime": 740.9963743686676, "_step": 1795, "train_acc": 0.9995580696482235, "val_loss": 0.0017997201345806375, "val_acc": 0.9997250481165796, "test_loss": 0.01607737432948831, "accuracy": 0.9904917478561401, "_wandb": {"runtime": 739}}