{"train_loss": 0.005602858296401887, "_timestamp": 1688440247.1343067, "_runtime": 189.54656457901, "_step": 495, "train_acc": 0.9983105560080852, "val_loss": 1.174361415544589, "val_acc": 0.9235426640382991, "test_loss": 0.16907636338166204, "accuracy": 0.8402948379516602, "_wandb": {"runtime": 188}}