{"train_loss": 0.000545109908307245, "_timestamp": 1688240605.1778154, "_runtime": 631.3224103450775, "_step": 2351, "train_acc": 0.9997228381374723, "val_loss": 40.87557336357387, "val_acc": 0.7424917373185802, "_wandb": {"runtime": 631}}